,601,603,605,607,609,225,629,233,237,241,245,249,253,257,261,265,269,273,277,281
Gilroy,,,,6:22:00,,,,,,,,,,,,,,,,
San Martin,,,,6:31:00,,,,,,,,,,,,,,,,
Morgan Hill,,,,6:37:00,,,,,,,,,,,,,,,,
Blossom Hill,,,,6:52:00,,,,,,,,,,,,,,,,
Capitol,,,,6:58:00,,,,,,,,,,,,,,,,
Tamien,4:30:00,,6:05:00,7:05:00,8:05:00,9:05:00,,11:05:00,,13:05:00,,15:05:00,,17:05:00,,19:05:00,,21:05:00,,23:05:00
San Jose Diridon,4:36:00,5:12:00,6:12:00,7:12:00,8:12:00,9:12:00,10:12:00,11:12:00,12:12:00,13:12:00,14:12:00,15:12:00,16:12:00,17:12:00,18:12:00,19:12:00,20:12:00,21:12:00,22:19:00,23:12:00
Santa Clara,4:42:00,5:18:00,6:18:00,7:18:00,8:18:00,9:18:00,10:18:00,11:18:00,12:18:00,13:18:00,14:18:00,15:18:00,16:18:00,17:18:00,18:18:00,19:18:00,20:18:00,21:18:00,22:25:00,23:18:00
Lawrence,4:48:00,5:24:00,6:24:00,7:24:00,8:24:00,9:24:00,10:24:00,11:24:00,12:24:00,13:24:00,14:24:00,15:24:00,16:24:00,17:24:00,18:24:00,19:24:00,20:24:00,21:24:00,22:31:00,23:24:00
Sunnyvale,4:52:00,5:28:00,6:28:00,7:28:00,8:28:00,9:28:00,10:28:00,11:28:00,12:28:00,13:28:00,14:28:00,15:28:00,16:28:00,17:28:00,18:28:00,19:28:00,20:28:00,21:28:00,22:35:00,23:28:00
Mountain View,4:57:00,5:34:00,6:34:00,7:34:00,8:34:00,9:34:00,10:34:00,11:34:00,12:34:00,13:34:00,14:34:00,15:34:00,16:34:00,17:34:00,18:34:00,19:34:00,20:34:00,21:34:00,22:40:00,23:34:00
San Antonio,5:01:00,5:37:00,6:37:00,7:37:00,8:37:00,9:37:00,10:37:00,11:37:00,12:37:00,13:37:00,14:37:00,15:37:00,16:37:00,17:37:00,18:37:00,19:37:00,20:37:00,21:37:00,22:44:00,23:37:00
California Ave,5:05:00,5:42:00,6:42:00,7:42:00,8:42:00,9:42:00,10:42:00,11:42:00,12:42:00,13:42:00,14:42:00,15:42:00,16:42:00,17:42:00,18:42:00,19:42:00,20:42:00,21:42:00,22:48:00,23:42:00
Palo Alto,5:09:00,5:46:00,6:46:00,7:46:00,8:46:00,9:46:00,10:46:00,11:46:00,12:46:00,13:46:00,14:46:00,15:46:00,16:46:00,17:46:00,18:46:00,19:46:00,20:46:00,21:46:00,22:53:00,23:46:00
Menlo Park,5:12:00,5:50:00,6:50:00,7:50:00,8:50:00,9:50:00,10:50:00,11:50:00,12:50:00,13:50:00,14:50:00,15:50:00,16:50:00,17:50:00,18:50:00,19:50:00,20:50:00,21:50:00,22:56:00,23:50:00
Redwood City,5:18:00,5:56:00,6:56:00,7:56:00,8:56:00,9:56:00,10:56:00,11:56:00,12:56:00,13:56:00,14:56:00,15:56:00,16:56:00,17:56:00,18:56:00,19:56:00,20:56:00,21:56:00,23:02:00,23:56:00
San Carlos,5:23:00,6:01:00,7:01:00,8:01:00,9:01:00,10:01:00,11:01:00,12:01:00,13:01:00,14:01:00,15:01:00,16:01:00,17:01:00,18:01:00,19:01:00,20:01:00,21:01:00,22:01:00,23:07:00,24:01:00
Belmont,5:26:00,6:04:00,7:04:00,8:04:00,9:04:00,10:04:00,11:04:00,12:04:00,13:04:00,14:04:00,15:04:00,16:04:00,17:04:00,18:04:00,19:04:00,20:04:00,21:04:00,22:04:00,23:10:00,24:04:00
Hillsdale,5:30:00,6:08:00,7:08:00,8:08:00,9:08:00,10:08:00,11:08:00,12:08:00,13:08:00,14:08:00,15:08:00,16:08:00,17:08:00,18:08:00,19:08:00,20:08:00,21:08:00,22:08:00,23:14:00,24:08:00
Hayward Park,5:33:00,6:11:00,7:11:00,8:11:00,9:11:00,10:11:00,11:11:00,12:11:00,13:11:00,14:11:00,15:11:00,16:11:00,17:11:00,18:11:00,19:11:00,20:11:00,21:11:00,22:11:00,23:17:00,24:11:00
San Mateo,5:36:00,6:15:00,7:15:00,8:15:00,9:15:00,10:15:00,11:15:00,12:15:00,13:15:00,14:15:00,15:15:00,16:15:00,17:15:00,18:15:00,19:15:00,20:15:00,21:15:00,22:15:00,23:21:00,24:15:00
Burlingame,5:40:00,6:19:00,7:19:00,8:19:00,9:19:00,10:19:00,11:19:00,12:19:00,13:19:00,14:19:00,15:19:00,16:19:00,17:19:00,18:19:00,19:19:00,20:19:00,21:19:00,22:19:00,23:25:00,24:19:00
Broadway,5:43:00,6:22:00,7:22:00,8:22:00,9:22:00,10:22:00,11:22:00,12:22:00,13:22:00,14:22:00,15:22:00,16:22:00,17:22:00,18:22:00,19:22:00,20:22:00,21:22:00,22:22:00,23:28:00,24:22:00
Millbrae,5:46:00,6:26:00,7:26:00,8:26:00,9:26:00,10:26:00,11:26:00,12:26:00,13:26:00,14:26:00,15:26:00,16:26:00,17:26:00,18:26:00,19:26:00,20:26:00,21:26:00,22:26:00,23:32:00,24:26:00
San Bruno,5:51:00,6:30:00,7:30:00,8:30:00,9:30:00,10:30:00,11:30:00,12:30:00,13:30:00,14:30:00,15:30:00,16:30:00,17:30:00,18:30:00,19:30:00,20:30:00,21:30:00,22:30:00,23:37:00,24:30:00
So San Francisco,5:55:00,6:34:00,7:34:00,8:34:00,9:34:00,10:34:00,11:34:00,12:34:00,13:34:00,14:34:00,15:34:00,16:34:00,17:34:00,18:34:00,19:34:00,20:34:00,21:34:00,22:34:00,23:41:00,24:34:00
Bayshore,6:01:00,6:41:00,7:41:00,8:41:00,9:41:00,10:41:00,11:41:00,12:41:00,13:41:00,14:41:00,15:41:00,16:41:00,17:41:00,18:41:00,19:41:00,20:41:00,21:41:00,22:41:00,23:47:00,24:41:00
22nd Street,6:07:00,6:46:00,7:46:00,8:46:00,9:46:00,10:46:00,11:46:00,12:46:00,13:46:00,14:46:00,15:46:00,16:46:00,17:46:00,18:46:00,19:46:00,20:46:00,21:46:00,22:46:00,23:53:00,24:46:00
San Francisco,6:12:00,6:52:00,7:52:00,8:52:00,9:52:00,10:52:00,11:53:00,12:53:00,13:52:00,14:52:00,15:52:00,16:52:00,17:52:00,18:52:00,19:52:00,20:52:00,21:52:00,22:52:00,23:59:00,24:52:00
